{"cameraMode":{"drawMode":0,"name":"Shaded","section":"Shading Mode"},"sceneLighting":false,"audioPlay":false,"sceneViewState":{"showFog":true,"showMaterialUpdate":false,"showSkybox":false,"showFlares":true,"showImageEffects":true,"showParticleSystems":true},"in2DMode":false,"pivot":{"x":1.991023063659668,"y":-0.5140247344970703,"z":1.1684906482696534},"rotation":{"x":-0.17230747640132905,"y":-0.7715809345245361,"z":0.23514002561569215,"w":-0.5654045343399048},"size":10.767542839050293,"orthographic":false}