{"cameraMode":{"drawMode":0,"name":"Shaded","section":"Shading Mode"},"sceneLighting":false,"audioPlay":false,"sceneViewState":{"showFog":true,"showMaterialUpdate":false,"showSkybox":false,"showFlares":true,"showImageEffects":true,"showParticleSystems":true},"in2DMode":false,"pivot":{"x":-19.2673397064209,"y":-4.993528842926025,"z":1.8227205276489258},"rotation":{"x":-0.09225184470415116,"y":0.6755521893501282,"z":-0.08578591048717499,"w":-0.7264706492424011},"size":23.664344787597658,"orthographic":false}