{"cameraMode":{"drawMode":0,"name":"Shaded","section":"Shading Mode"},"sceneLighting":true,"audioPlay":false,"sceneViewState":{"showFog":true,"showMaterialUpdate":false,"showSkybox":true,"showFlares":true,"showImageEffects":true,"showParticleSystems":true},"in2DMode":false,"pivot":{"x":1011.7448120117188,"y":201.7392578125,"z":84.135009765625},"rotation":{"x":-0.14475096762180329,"y":-0.08538208156824112,"z":0.012538813054561615,"w":-0.9856976866722107},"size":1306.408203125,"orthographic":false}