{"cameraMode":{"drawMode":0,"name":"Shaded","section":"Shading Mode"},"sceneLighting":true,"audioPlay":false,"sceneViewState":{"showFog":true,"showMaterialUpdate":false,"showSkybox":true,"showFlares":true,"showImageEffects":true,"showParticleSystems":true},"in2DMode":false,"pivot":{"x":4.321280479431152,"y":0.6669521331787109,"z":1.44224214553833},"rotation":{"x":-0.5436670184135437,"y":-0.004534918814897537,"z":0.0029373113065958025,"w":-0.8392836451530457},"size":32.694095611572269,"orthographic":false}