{"cameraMode":{"drawMode":0,"name":"Shaded","section":"Shading Mode"},"sceneLighting":true,"audioPlay":false,"sceneViewState":{"showFog":true,"showMaterialUpdate":false,"showSkybox":true,"showFlares":true,"showImageEffects":true,"showParticleSystems":true},"in2DMode":false,"pivot":{"x":1468.2156982421875,"y":120.8267822265625,"z":-0.176483154296875},"rotation":{"x":-0.013808670453727246,"y":0.002094478579238057,"z":-0.000028582715458469465,"w":-0.9999024868011475},"size":295.8915710449219,"orthographic":false}