{"cameraMode":{"drawMode":0,"name":"Shaded","section":"Shading Mode"},"sceneLighting":true,"audioPlay":false,"sceneViewState":{"showFog":true,"showMaterialUpdate":false,"showSkybox":true,"showFlares":true,"showImageEffects":true,"showParticleSystems":true},"in2DMode":false,"pivot":{"x":598.9525146484375,"y":284.181884765625,"z":77.23834228515625},"rotation":{"x":-0.2032511681318283,"y":-0.15436376631259919,"z":0.032467570155858996,"w":-0.966336727142334},"size":593.8359985351563,"orthographic":false}