{"cameraMode":{"drawMode":0,"name":"Shaded","section":"Shading Mode"},"sceneLighting":true,"audioPlay":false,"sceneViewState":{"showFog":true,"showMaterialUpdate":false,"showSkybox":true,"showFlares":true,"showImageEffects":true,"showParticleSystems":true},"in2DMode":false,"pivot":{"x":9.691375732421875,"y":0.1873273402452469,"z":7.7332587242126469},"rotation":{"x":0.046027977019548419,"y":0.8544144034385681,"z":0.07684102654457092,"w":-0.5118132829666138},"size":0.30298930406570437,"orthographic":false}