{"cameraMode":{"drawMode":0,"name":"Shaded","section":"Shading Mode"},"sceneLighting":true,"audioPlay":false,"sceneViewState":{"showFog":true,"showMaterialUpdate":false,"showSkybox":true,"showFlares":true,"showImageEffects":true,"showParticleSystems":true},"in2DMode":false,"pivot":{"x":297.33721923828127,"y":186.18946838378907,"z":81.9210205078125},"rotation":{"x":-0.2032511681318283,"y":-0.15436376631259919,"z":0.032467570155858996,"w":-0.966336727142334},"size":614.8896484375,"orthographic":false}