{"cameraMode":{"drawMode":0,"name":"Shaded","section":"Shading Mode"},"sceneLighting":true,"audioPlay":false,"sceneViewState":{"showFog":true,"showMaterialUpdate":false,"showSkybox":true,"showFlares":true,"showImageEffects":true,"showParticleSystems":true},"in2DMode":false,"pivot":{"x":0.08831405639648438,"y":-4.079801559448242,"z":7.780890941619873},"rotation":{"x":-0.1995162069797516,"y":0.6668631434440613,"z":-0.19234400987625123,"w":-0.6917302012443543},"size":29.445608139038087,"orthographic":false}