{"cameraMode":{"drawMode":0,"name":"Shaded","section":"Shading Mode"},"sceneLighting":true,"audioPlay":false,"sceneViewState":{"showFog":true,"showMaterialUpdate":false,"showSkybox":true,"showFlares":true,"showImageEffects":true,"showParticleSystems":true},"in2DMode":false,"pivot":{"x":8.57450008392334,"y":-3.129243850708008e-7,"z":8.719114303588868},"rotation":{"x":-0.14824247360229493,"y":0.015421763993799687,"z":-0.0023116436786949636,"w":-0.9888281226158142},"size":1.0151145458221436,"orthographic":false}