{"cameraMode":{"drawMode":0,"name":"Shaded","section":"Shading Mode"},"sceneLighting":true,"audioPlay":false,"sceneViewState":{"showFog":true,"showMaterialUpdate":false,"showSkybox":true,"showFlares":true,"showImageEffects":true,"showParticleSystems":true},"in2DMode":false,"pivot":{"x":1.4162405729293824,"y":4.215312480926514,"z":4.038178443908691},"rotation":{"x":-0.2032511681318283,"y":-0.15436376631259919,"z":0.032467570155858996,"w":-0.966336727142334},"size":10.785737991333008,"orthographic":false}